{"train_loss": 88.49855041503906, "_timestamp": 1724573947.8429332, "_runtime": 44.73172616958618, "_step": 1502, "train_negative_ll": 86.0389633178711, "train_kl": 2.4595813751220703, "_wandb": {"runtime": 44}}