{"train_loss": -11.147159576416016, "_timestamp": 1724576043.4821846, "_runtime": 1149.8165576457977, "_step": 48239, "train_negative_ll": -18.140602111816406, "train_kl": 6.993442535400391, "mean_eval_loss": 181.83119125664234, "eval_loss": 188.1431224346161, "eval_loss_0": 469.2402114868164, "eval_loss_3": 153.5179204940796, "eval_loss_5": 82.83980751037598, "eval_loss_10": 21.726825535297394, "_wandb": {"runtime": 1149}}