{"train_loss": -5.876955032348633, "_timestamp": 1724574830.3752346, "_runtime": 848.679173707962, "_step": 35306, "train_negative_ll": -15.910280227661133, "train_kl": 10.0333251953125, "mean_eval_loss": 174.32484683394432, "eval_loss": 166.15483951568604, "eval_loss_0": 448.9769287109375, "eval_loss_3": 141.2676649093628, "eval_loss_5": 81.72963309288025, "eval_loss_10": 25.32516062259674, "_wandb": {"runtime": 848}}