{"train_loss": -4.0737762451171875, "_timestamp": 1724577395.0484376, "_runtime": 1277.9092326164246, "_step": 48239, "train_negative_ll": -15.001840591430664, "train_kl": 10.928065299987793, "mean_eval_loss": 58.96761444956064, "eval_loss": 70.10373157262802, "eval_loss_0": 138.72565746307373, "eval_loss_3": 61.7536935210228, "eval_loss_5": 35.78919303417206, "eval_loss_10": -0.39808622002601624, "_wandb": {"runtime": 1277}}